FirstName, LastName, Age, Weight, Gender
Martinez,Sophia,49,102.97,Female
Smith,John,23,49.90,Male
Martinez,Michael,29,75.30,Female
Brown,Michael,31,48.53,Female
Jones,Emma,59,75.75,Male
Williams,Olivia,54,55.79,Female
Brown,Michael,37,106.59,Female
Rodriguez,David,55,75.75,Male
Smith,Sophia,48,113.85,Female
Martinez,John,60,91.17,Male
Smith,David,41,45.36,Female
Smith,John,70,83.01,Female
Williams,John,45,53.98,Male
Miller,Daniel,21,63.96,Female
Williams,Daniel,56,114.31,Female
Johnson,Olivia,31,68.49,Male
García,Michael,32,48.08,Female
Brown,Emily,60,54.88,Female
Williams,John,53,113.85,Male
Davis,Emily,66,99.34,Male
Williams,Sophia,53,77.56,Male
Brown,Emily,56,58.97,Female
Smith,Emma,33,73.94,Female
Davis,Emma,46,113.85,Female
Williams,Emily,51,63.96,Male
Davis,Emma,52,88.90,Male
Davis,Christopher,49,102.51,Male
Rodriguez,Sophia,61,92.99,Female
García,David,56,109.77,Male
Rodriguez,Jane,47,55.34,Female
Martinez,Olivia,70,68.04,Female
Johnson,David,53,132.45,Male
Johnson,Daniel,46,132.45,Male
Rodriguez,Olivia,34,93.44,Male
Martinez,Christopher,32,94.80,Female
Jones,John,55,90.72,Female
Miller,David,36,87.54,Male
Miller,Jane,66,61.24,Female
Martinez,Emma,53,123.38,Female
Smith,Sophia,20,120.20,Female
Martinez,John,46,95.25,Female
Smith,Michael,63,86.18,Male
Johnson,Sophia,48,60.78,Male
Davis,John,18,107.96,Female
Martinez,Daniel,41,62.14,Male
Smith,Jane,31,93.89,Male
Jones,Olivia,69,63.96,Male
Johnson,David,70,46.72,Female
Miller,Christopher,36,100.70,Female
Brown,Emily,66,132.00,Female
Brown,Olivia,33,132.90,Male
Williams,Emma,54,91.63,Male
Martinez,John,24,117.48,Male
Johnson,Jane,41,100.70,Female
Smith,Jane,34,114.76,Female
Rodriguez,Emma,57,105.69,Female
García,Christopher,45,117.03,Female
Martinez,David,25,58.06,Male
Johnson,Olivia,25,105.69,Female
Brown,John,69,67.59,Female
Jones,Daniel,51,78.02,Male
Rodriguez,Daniel,42,123.83,Male
Williams,Jane,67,111.13,Female
García,Michael,43,81.65,Male
Martinez,Sophia,52,121.56,Female
Rodriguez,Emily,44,128.82,Female
Martinez,Olivia,33,78.93,Female
Johnson,Daniel,25,50.80,Male
Williams,David,27,132.45,Male
Martinez,Daniel,24,79.83,Male
Brown,Sophia,23,98.43,Male
Jones,Daniel,35,113.40,Female
Rodriguez,Olivia,22,77.11,Female
Davis,Christopher,21,127.46,Male
Jones,Emma,41,67.59,Male
García,David,41,53.52,Female
Johnson,Christopher,22,122.02,Male
Jones,Michael,29,58.51,Male
Brown,Jane,40,77.56,Male
Martinez,Olivia,63,101.15,Female
Davis,Christopher,48,65.77,Female
Johnson,Olivia,70,55.79,Female
Johnson,Olivia,69,120.66,Male
Davis,Emily,31,94.80,Male
García,David,53,108.41,Female
Jones,Emily,66,87.09,Male
Williams,Christopher,34,112.94,Male
Martinez,Emma,29,115.67,Female
Davis,Emma,51,85.73,Male
Martinez,Sophia,66,128.82,Male
Jones,Christopher,33,95.25,Female
Martinez,Christopher,56,91.63,Male
Smith,Sophia,39,116.12,Male
Davis,Emma,69,128.37,Female
Miller,Christopher,43,92.53,Female
Johnson,Daniel,26,96.62,Female
Martinez,Emma,64,128.37,Male
Jones,Jane,68,99.34,Female
Rodriguez,Olivia,24,94.80,Male
Johnson,Emma,22,119.29,Male
Smith,Michael,64,109.32,Male
Davis,Jane,56,82.55,Female
Miller,Olivia,34,129.27,Female
Rodriguez,Christopher,47,121.56,Female
Brown,Olivia,64,60.78,Male
Smith,Daniel,40,45.81,Female
Williams,Christopher,65,78.02,Female
Jones,John,59,121.11,Female
Miller,Jane,38,107.05,Female
Miller,Emily,35,103.87,Male
Miller,Michael,61,54.88,Male
García,David,61,83.91,Female
Miller,Olivia,34,68.04,Female
Johnson,Christopher,32,117.03,Male
Johnson,Michael,67,72.57,Female
Smith,Emma,20,50.35,Male
Johnson,Michael,35,53.52,Female
Johnson,Daniel,48,110.68,Male
Martinez,John,23,92.08,Female
García,Michael,61,85.28,Female
Brown,Jane,23,120.20,Female
García,Christopher,52,111.58,Female
Johnson,Michael,26,107.50,Female
Johnson,Christopher,47,130.63,Female
Williams,Olivia,29,87.54,Male
Rodriguez,Emily,62,105.23,Male
Brown,John,51,116.12,Female
Jones,Sophia,52,65.32,Male
Rodriguez,Jane,35,68.04,Female
Brown,Jane,54,100.24,Male
Brown,Christopher,39,124.28,Female
Johnson,Olivia,68,131.09,Female
Williams,Emma,43,78.47,Male
Davis,John,63,117.03,Male
Miller,Olivia,41,112.49,Male
Brown,Michael,66,122.47,Female
Miller,Daniel,69,47.63,Female
Smith,Jane,25,59.87,Female
Jones,Emma,44,104.78,Male
Miller,Daniel,32,97.07,Female
Smith,John,56,102.97,Female
Johnson,Emily,61,108.86,Female
Miller,Olivia,42,105.23,Female
Rodriguez,David,49,92.53,Male
Davis,David,36,53.07,Male
Williams,Jane,61,105.23,Female
Williams,Olivia,41,62.60,Female
Jones,Jane,59,115.67,Male
Williams,Sophia,49,90.26,Male
Williams,John,41,132.90,Male
Jones,Olivia,57,118.84,Female
Smith,Emma,55,114.76,Male
Brown,Emma,64,77.56,Male
Williams,Emily,21,135.17,Male
Davis,Jane,57,120.66,Female
Jones,Jane,22,103.42,Female
Johnson,Olivia,23,99.34,Female
Rodriguez,David,28,93.89,Male
Miller,Olivia,67,121.11,Female
Jones,John,57,112.04,Male
Williams,Michael,30,82.55,Male
Williams,David,25,107.50,Male
Rodriguez,Daniel,59,124.28,Female
Brown,Emma,56,109.32,Male
Rodriguez,Olivia,24,66.68,Female
García,Christopher,68,94.80,Female
Rodriguez,Christopher,46,110.22,Male
Williams,Emma,48,111.13,Male
Williams,John,61,111.58,Female
Johnson,John,35,84.82,Male
Rodriguez,Michael,66,57.15,Female
Johnson,Michael,33,94.35,Male
García,John,33,68.49,Female
Rodriguez,Michael,57,50.80,Female
Jones,Emily,51,78.93,Male
Jones,Daniel,48,127.46,Male
Smith,Jane,67,131.54,Female
García,Emma,43,117.03,Male
Johnson,David,38,135.17,Male
Smith,John,55,56.25,Female
Miller,John,40,53.52,Male
Jones,Emma,39,55.79,Female
García,Sophia,41,77.11,Male
García,John,30,51.71,Male
Johnson,Sophia,58,89.36,Male
Smith,David,19,45.81,Male
Miller,Emma,30,118.84,Female
Martinez,Emma,53,91.63,Male
Smith,Sophia,39,60.78,Female
Rodriguez,Daniel,57,99.34,Male
Miller,Olivia,67,73.94,Female
Jones,Michael,41,123.83,Male
Martinez,John,50,73.03,Female
Rodriguez,David,43,100.70,Female
Smith,David,19,127.46,Female
Brown,Christopher,20,68.95,Male
García,Michael,23,84.82,Male
García,Emma,68,117.93,Male
Miller,Daniel,42,83.46,Male
Smith,Jane,41,85.73,Male
Smith,Sophia,36,126.55,Female
Miller,Emily,34,135.62,Male
Smith,Jane,68,83.46,Female
Miller,Michael,69,99.34,Male
García,Sophia,68,119.75,Male
Brown,Michael,65,88.45,Male
Jones,Olivia,53,86.18,Male
García,Sophia,35,83.91,Male
Johnson,Christopher,18,126.55,Male
Davis,Jane,27,107.50,Female
Davis,Emily,37,101.15,Male
Martinez,Olivia,38,64.86,Female
García,David,23,86.64,Male
Brown,John,45,68.04,Female
Rodriguez,John,44,70.31,Female
Rodriguez,Michael,67,103.42,Female
García,Emma,50,110.22,Female
Rodriguez,Sophia,42,86.64,Male
Jones,David,58,133.36,Female
Brown,John,35,103.87,Female
Jones,Christopher,31,52.16,Male
Davis,Michael,50,78.93,Male
Johnson,David,33,77.56,Female
Davis,John,54,46.27,Female
Johnson,Emily,36,66.22,Female
Davis,Sophia,22,63.05,Female
Rodriguez,Olivia,19,78.93,Female
Williams,Sophia,31,112.94,Male
Rodriguez,Michael,21,70.76,Female
Rodriguez,John,55,132.90,Male
Martinez,John,70,93.89,Female
Rodriguez,David,26,86.64,Male
Williams,Jane,25,75.75,Female
Williams,Christopher,31,105.69,Male
Johnson,Jane,65,117.48,Female
Brown,Sophia,20,113.85,Female
Smith,Daniel,23,87.54,Female
Martinez,John,68,83.46,Male
Miller,Daniel,51,91.17,Female
Rodriguez,Emma,51,82.10,Female
Rodriguez,Emma,52,92.53,Female
Williams,Jane,39,102.06,Male
Miller,John,34,134.26,Male
Miller,Jane,34,69.40,Male
Smith,Emma,49,112.04,Male
Jones,Olivia,30,63.96,Male
Miller,Jane,27,130.18,Female
Johnson,Michael,54,124.74,Male
Rodriguez,Daniel,40,93.89,Female
Johnson,Emily,30,107.96,Female
Davis,David,34,46.27,Female
Smith,Michael,69,132.45,Female
Miller,John,64,121.11,Male
Johnson,Emma,65,95.25,Male
Brown,Daniel,21,92.08,Male
Smith,Daniel,21,78.47,Female
Davis,Jane,31,51.26,Female
Williams,Christopher,63,74.39,Male
Johnson,Emily,55,129.73,Female
Davis,Daniel,64,61.24,Female
Brown,Emily,20,110.22,Male
Davis,Olivia,54,118.84,Female
García,Jane,18,93.44,Female
Brown,John,29,65.32,Female
Martinez,John,55,50.80,Male
Brown,Sophia,52,134.26,Female
Martinez,Olivia,22,75.75,Male
Miller,Christopher,60,124.28,Male
Davis,Olivia,61,55.79,Female
García,Jane,21,45.81,Male
Rodriguez,John,43,125.19,Female
Johnson,Jane,43,75.75,Male
Johnson,Sophia,36,73.94,Male
Jones,Michael,39,96.16,Female
Williams,David,24,103.42,Male
Brown,Daniel,50,78.47,Male
Jones,Michael,35,77.56,Male
Brown,John,21,64.41,Male
Martinez,Daniel,21,78.93,Female
Martinez,Christopher,48,95.71,Male
Davis,Emily,66,113.40,Female
García,Michael,26,102.06,Female
García,Sophia,25,51.71,Female
Williams,John,49,46.27,Female
Rodriguez,Christopher,33,92.08,Male
Williams,David,69,52.62,Female
Rodriguez,Emma,44,61.69,Female
García,Daniel,50,97.52,Male
Johnson,John,53,48.53,Female
Miller,David,66,94.80,Male
Martinez,Emma,54,110.22,Male
Johnson,Olivia,42,110.22,Female
Miller,John,55,108.41,Male
Jones,David,42,85.73,Female
Williams,Daniel,60,105.69,Female
García,Olivia,43,81.19,Male
García,Michael,42,118.39,Female
Davis,Christopher,20,50.80,Female
Davis,Emily,48,56.70,Female
Davis,Daniel,65,46.27,Female
Jones,Daniel,47,55.34,Male
Jones,Daniel,70,68.95,Female
Davis,Michael,65,53.98,Male
Smith,Jane,27,64.86,Female
Johnson,Sophia,45,114.31,Male
Martinez,Sophia,57,134.72,Female
Rodriguez,Emily,62,52.16,Male
Brown,David,53,112.49,Female
Davis,Emma,35,87.09,Female
Miller,Emily,24,128.82,Male
Smith,Emily,58,116.57,Female
Davis,David,70,46.27,Male
Miller,Michael,28,90.72,Male
Johnson,Michael,29,85.28,Female
Rodriguez,Christopher,34,73.03,Male
Johnson,Emma,50,92.99,Female
Miller,Michael,36,72.57,Male
García,David,22,107.50,Male
Johnson,Daniel,43,112.94,Male
Martinez,John,21,95.25,Female
Brown,Sophia,66,124.74,Male
Jones,David,63,66.68,Female
Martinez,Sophia,33,126.55,Female
Williams,Daniel,57,118.39,Female
Davis,Michael,44,85.28,Male
García,John,62,99.34,Male
Jones,Emma,22,82.10,Female
Smith,Michael,48,61.24,Female
Brown,John,70,124.28,Female
Rodriguez,Olivia,63,79.83,Female
Jones,David,50,83.91,Male
Rodriguez,Emma,49,129.27,Female
Brown,Michael,20,115.67,Female
Davis,Jane,51,85.73,Female
Martinez,David,46,129.73,Male
Rodriguez,Emma,28,105.69,Female
Brown,Christopher,54,73.48,Male
Rodriguez,Christopher,23,83.91,Female
Smith,Olivia,50,129.27,Male
Martinez,Michael,37,52.16,Male
Williams,John,37,111.13,Female
Martinez,Christopher,33,102.97,Female
Jones,Emily,32,91.17,Male
Brown,Emily,67,45.36,Male
Johnson,Daniel,29,89.36,Male
Martinez,Emma,64,78.93,Male
Johnson,Jane,48,91.17,Female
Brown,John,34,97.98,Female
Jones,Daniel,37,53.52,Female
Rodriguez,Sophia,29,122.02,Male
García,Sophia,61,92.99,Male
Smith,Daniel,44,97.98,Female
Williams,David,53,103.87,Female
Davis,Daniel,29,88.00,Male
Jones,Jane,34,127.91,Female
Martinez,Michael,39,121.11,Male
Rodriguez,David,69,94.35,Male
Martinez,Christopher,69,121.56,Female
Miller,Olivia,57,127.46,Female
Brown,Olivia,37,63.05,Female
Johnson,Emily,18,75.75,Male
Martinez,Jane,45,62.14,Female
Jones,David,32,66.68,Female
Davis,Daniel,70,125.65,Male
Davis,John,24,90.72,Female
Williams,David,35,111.58,Female
Davis,John,27,129.27,Male
Miller,David,24,120.20,Male
Smith,John,39,59.87,Male
Davis,David,19,109.32,Male
Martinez,Olivia,23,132.00,Male
Brown,Christopher,18,55.79,Female
Jones,Emma,62,98.43,Male
Johnson,Jane,34,120.66,Male
Brown,Emily,27,45.36,Male
Brown,Michael,24,84.82,Male
García,Emily,21,87.09,Female
Williams,Olivia,26,57.61,Female
Miller,Michael,27,82.10,Male
García,Emma,65,127.01,Male
Williams,Daniel,33,117.03,Male
Martinez,Olivia,35,46.27,Male
Brown,Emma,41,80.74,Male
Jones,David,52,62.14,Female
Smith,Michael,36,95.25,Male
Brown,Michael,39,69.85,Male
Smith,Jane,66,84.82,Female
García,Daniel,49,84.37,Male
Davis,Jane,59,105.69,Male
García,David,28,132.45,Female
Martinez,Daniel,55,93.89,Female
Miller,Emma,64,102.06,Female
Rodriguez,Daniel,57,90.72,Female
Davis,David,34,48.08,Female
Martinez,Christopher,41,72.57,Male
Jones,Sophia,39,84.82,Female
Miller,Christopher,57,104.33,Female
Williams,Emily,34,60.33,Female
Smith,David,69,131.54,Male
Martinez,Sophia,34,45.81,Male
Williams,Michael,40,97.98,Male
Rodriguez,David,31,45.36,Female
Jones,Sophia,33,132.00,Male
Williams,John,41,110.22,Male
Smith,John,44,119.75,Female
Brown,Emily,64,135.62,Female
Johnson,Jane,42,69.85,Male
Jones,Christopher,65,90.72,Male
García,Daniel,39,80.29,Male
Davis,Daniel,26,125.65,Male
Johnson,John,19,70.76,Male
Williams,Michael,52,90.26,Female
García,Jane,56,48.99,Male
García,Emma,43,45.81,Male
Davis,Michael,63,126.55,Female
Brown,Emma,22,132.90,Male
Jones,Christopher,41,122.02,Male
Johnson,Olivia,63,132.45,Female
Rodriguez,Daniel,69,118.39,Male
Jones,Daniel,41,76.20,Female
Martinez,Olivia,22,73.03,Male
Williams,Daniel,60,53.52,Male
Brown,David,44,92.53,Male
Davis,Sophia,35,113.40,Male
Martinez,David,30,73.03,Male
Rodriguez,John,31,132.90,Male
Jones,Olivia,61,56.70,Male
Johnson,Sophia,21,59.87,Male
Rodriguez,Jane,28,56.25,Male
Smith,David,57,52.16,Male
Miller,Sophia,56,133.36,Female
Miller,Jane,49,92.08,Male
Johnson,Daniel,21,67.13,Male
Rodriguez,Emma,21,111.58,Female
Davis,Christopher,45,117.03,Male
Brown,Emily,43,63.05,Female
Smith,Jane,70,118.84,Male
Martinez,Sophia,55,47.17,Female
Miller,Sophia,40,59.42,Female
Rodriguez,Daniel,44,83.01,Female
Smith,Emily,60,81.65,Female
Miller,Emily,49,88.00,Female
Brown,Jane,44,55.79,Female
Johnson,Olivia,37,62.60,Male
Johnson,Daniel,47,122.92,Female
Martinez,Christopher,43,62.60,Female
Williams,Michael,26,99.79,Female
Davis,Olivia,39,51.26,Female
Johnson,David,49,52.62,Female
Jones,Michael,68,48.08,Female
Rodriguez,Christopher,66,105.69,Female
Jones,Daniel,31,118.39,Male
Miller,Olivia,66,102.97,Female
Davis,Emma,26,63.96,Female
Brown,John,36,130.18,Male
Smith,Jane,64,76.20,Female
Brown,Michael,43,94.80,Female
Rodriguez,Emma,33,97.07,Male
Rodriguez,Emily,69,83.01,Female
Davis,Christopher,29,87.54,Female
Davis,Olivia,34,49.44,Male
Martinez,Daniel,22,94.80,Female
Martinez,Emma,39,72.12,Male
García,John,29,80.29,Male
Johnson,Emma,61,104.78,Male
Miller,Emma,19,114.76,Female
Williams,Daniel,18,127.91,Female
Martinez,Olivia,42,132.90,Female
Miller,Daniel,49,100.70,Female
Martinez,Emily,46,126.10,Female
Williams,Olivia,32,95.71,Male
Miller,John,45,132.90,Female
Rodriguez,Jane,44,85.28,Female
García,Michael,26,69.40,Male
Martinez,John,67,100.70,Male
García,Michael,32,101.60,Male
Rodriguez,Jane,36,46.72,Male
Smith,Emily,35,59.42,Female
Johnson,John,63,73.03,Female
Jones,David,25,113.85,Female
Martinez,Daniel,23,132.00,Male
Miller,Christopher,54,57.15,Male
Davis,Daniel,41,78.93,Male
Jones,Emma,64,118.84,Male
García,Christopher,35,116.57,Female
Johnson,Emma,19,54.43,Male
Brown,John,46,50.35,Male
Williams,Jane,54,101.60,Male
García,David,63,103.87,Male
García,Olivia,61,51.71,Female
Brown,John,54,113.40,Male
Miller,Emily,58,124.28,Male
Davis,Emma,29,105.69,Male
Brown,Christopher,22,101.60,Female
Davis,Emma,55,103.87,Male
Johnson,Emma,69,70.31,Female
Davis,Daniel,23,61.24,Female
Martinez,Christopher,43,102.06,Female
Rodriguez,Christopher,69,50.80,Male
Williams,Michael,41,58.51,Male
Martinez,Michael,19,82.55,Male
Rodriguez,Olivia,19,132.00,Male
Davis,Sophia,36,127.91,Female
Davis,Sophia,59,101.60,Female
Williams,Jane,62,65.77,Male
García,Emily,44,63.50,Female
Davis,Christopher,21,107.05,Female
Smith,Michael,30,74.39,Female
Johnson,Emily,68,96.62,Male
Davis,Emma,57,128.37,Male
Williams,Emma,60,122.92,Female
Rodriguez,David,56,102.06,Male
Miller,Christopher,67,63.50,Female
Jones,John,59,115.21,Male
Jones,Daniel,66,62.14,Female
Jones,Christopher,29,53.52,Female
Brown,Emily,22,131.09,Female
Smith,Michael,66,74.39,Female
Johnson,Daniel,30,70.31,Female
Rodriguez,Daniel,38,51.26,Male
Johnson,Daniel,61,78.47,Male
Rodriguez,Olivia,62,84.37,Female
Davis,Michael,33,52.62,Male
Smith,Christopher,27,125.19,Male
Davis,John,45,55.34,Female
Miller,Emily,56,112.04,Female
Brown,Michael,41,46.27,Male
Davis,Olivia,69,73.03,Male
Miller,David,65,56.25,Female
García,Christopher,65,103.42,Female
Brown,Olivia,26,117.03,Female
Martinez,Michael,27,55.34,Male
Williams,Jane,22,102.51,Female
Smith,John,24,117.48,Female
Smith,Jane,67,112.04,Male
Johnson,Emma,23,91.63,Male
Smith,Daniel,53,61.24,Female
Johnson,Olivia,56,89.36,Male
Williams,John,54,57.61,Male
Davis,Michael,50,121.56,Female
Smith,Daniel,27,73.48,Female
Smith,Emma,37,45.81,Female
Martinez,Christopher,47,105.69,Male
Jones,Christopher,33,135.17,Male
Jones,Olivia,49,68.49,Female
Johnson,David,31,88.90,Female
Miller,Michael,40,49.44,Male
García,Daniel,37,82.55,Female
Smith,John,39,53.98,Male
García,Jane,52,112.04,Male
Smith,Daniel,31,131.54,Female
Rodriguez,Sophia,58,105.69,Female
Johnson,Olivia,38,85.28,Female
Williams,Daniel,64,92.99,Female
Smith,Emma,26,58.97,Male
Rodriguez,Jane,68,132.90,Female
Miller,Christopher,49,134.26,Female
Davis,Sophia,55,134.72,Male
Smith,Emily,46,51.71,Male
Miller,Daniel,45,133.81,Female
Rodriguez,Emma,38,90.26,Male
Jones,Jane,33,112.49,Male
Davis,John,51,132.00,Female
Williams,Christopher,53,96.62,Female
Rodriguez,Michael,66,92.99,Male
Williams,Michael,53,86.18,Female
Johnson,Emma,45,52.62,Female
Rodriguez,Daniel,57,92.08,Male
Martinez,Emily,38,77.56,Female
Smith,Michael,35,75.30,Female
Martinez,Michael,29,107.05,Male
Martinez,John,53,117.48,Male
Rodriguez,Emma,67,119.75,Female
Jones,Jane,41,89.81,Male
Smith,David,45,52.62,Female
Rodriguez,John,27,52.62,Female
García,Sophia,32,61.69,Female
Brown,David,59,124.28,Male
Davis,Jane,57,122.92,Male
Brown,Michael,63,97.52,Female
Johnson,Michael,70,105.23,Male
Williams,David,18,62.14,Male
García,Olivia,70,63.50,Female
García,Sophia,58,90.72,Male
Rodriguez,Christopher,64,97.07,Female
Martinez,Sophia,29,81.19,Female
Brown,Christopher,32,47.63,Female
Jones,David,28,75.30,Female
Johnson,Christopher,38,98.43,Male
Davis,Jane,48,110.68,Male
Davis,John,70,111.13,Male
Johnson,John,32,127.01,Female
Rodriguez,John,29,103.42,Female
Jones,John,22,106.59,Male
Smith,Emma,22,133.36,Female
Williams,Christopher,25,104.33,Female
Miller,Michael,38,124.28,Male
Martinez,David,22,113.40,Female
Rodriguez,David,53,95.71,Male
Jones,Jane,53,112.04,Female
Smith,Sophia,40,75.30,Male
Martinez,John,50,112.04,Male
Smith,Emily,59,68.49,Male
García,David,27,45.36,Female
García,Christopher,24,92.08,Male
Davis,Emma,49,100.24,Female
Brown,David,42,89.36,Male
Jones,Michael,60,74.84,Male
Rodriguez,Emma,28,77.56,Male
Martinez,Olivia,70,115.67,Male
García,Michael,58,127.46,Male
Johnson,Olivia,26,102.97,Female
Brown,Jane,63,117.48,Male
García,Emily,31,89.81,Male
Johnson,Daniel,57,100.24,Male
García,Emma,60,111.58,Male
Miller,Jane,50,84.82,Male
Johnson,Jane,29,133.81,Male
Brown,John,60,98.88,Female
Brown,Emma,24,49.90,Female
Rodriguez,Sophia,32,71.67,Male
Williams,Daniel,66,77.56,Female
Williams,Sophia,21,63.05,Female
Rodriguez,Olivia,18,92.99,Male
Brown,John,36,72.57,Female
Williams,Michael,50,111.58,Male
Rodriguez,Sophia,43,108.41,Female
Rodriguez,Michael,58,48.53,Male
Smith,Emma,40,97.98,Female
Williams,Jane,68,60.33,Male
Rodriguez,Michael,58,116.57,Male
Jones,Jane,62,82.10,Female
Brown,Sophia,68,107.50,Female
Rodriguez,Jane,63,115.21,Female
Williams,David,26,59.87,Male
Smith,Michael,52,124.28,Male
García,Daniel,68,55.34,Male
Martinez,David,38,107.50,Female
Smith,Daniel,52,128.37,Male
Miller,Daniel,46,112.04,Male
Davis,Christopher,18,89.36,Female
Davis,Olivia,69,83.46,Female
Martinez,Christopher,29,104.33,Female
García,Christopher,30,120.20,Female
Williams,John,58,120.20,Male
Johnson,David,22,112.94,Male
Johnson,Emily,51,68.49,Female
Smith,David,19,45.36,Male
Williams,Olivia,52,75.30,Male
Miller,David,58,63.96,Male
Rodriguez,Sophia,30,60.78,Male
García,Michael,34,133.36,Male
Jones,Michael,68,54.43,Female
Jones,Michael,25,46.72,Male
Jones,John,29,86.64,Male
García,Olivia,54,51.71,Male
García,Michael,62,112.49,Male
Williams,Olivia,30,58.51,Male
Johnson,John,37,56.25,Male
Rodriguez,Olivia,67,71.21,Male
Rodriguez,Olivia,50,88.90,Male
Davis,Sophia,45,118.84,Female
Brown,Olivia,37,72.57,Female
Martinez,Daniel,31,97.98,Female
Martinez,Emily,34,59.42,Male
García,Michael,36,112.49,Female
Davis,Olivia,26,57.15,Male
Brown,Sophia,47,124.74,Female
Davis,Christopher,64,117.48,Female
Davis,Daniel,60,89.36,Female
Miller,Olivia,32,118.84,Male
Rodriguez,Sophia,34,78.02,Male
Jones,Christopher,51,61.69,Male
Brown,Jane,46,118.39,Male
Davis,Christopher,35,112.49,Male
Jones,Michael,57,90.72,Female
Smith,Emily,31,79.38,Male
Brown,Olivia,65,76.66,Male
Davis,John,59,49.90,Male
Brown,Daniel,66,69.85,Female
Davis,Jane,54,95.71,Female
Rodriguez,Sophia,29,97.98,Male
Davis,Emma,58,77.56,Male
Jones,Christopher,54,70.31,Female
Jones,Emma,18,58.51,Male
Smith,Jane,23,99.34,Male
Miller,Daniel,23,62.14,Female
Brown,Daniel,68,46.72,Female
Brown,Olivia,49,79.38,Female
Williams,John,54,128.82,Male
Brown,John,31,113.85,Male
Miller,Michael,56,129.27,Male
Johnson,John,47,120.66,Female
Rodriguez,Jane,28,107.96,Female
Rodriguez,Jane,41,116.57,Male
Brown,Sophia,41,71.21,Female
Brown,John,57,90.26,Female
Jones,Christopher,59,99.34,Female
Williams,Emily,49,78.47,Female
Brown,Christopher,56,103.42,Male
Johnson,Emily,49,63.05,Male
Jones,Sophia,24,50.80,Female
Williams,Emma,59,83.91,Female
Davis,John,45,83.91,Male
Martinez,Emma,25,54.43,Female
Johnson,David,21,87.54,Male
Rodriguez,Sophia,24,119.75,Male
Jones,Christopher,25,99.34,Female
Smith,Jane,46,123.83,Female
Smith,John,51,47.63,Male
García,Daniel,22,91.17,Male
Johnson,John,29,69.40,Female
Davis,Michael,55,109.32,Female
Davis,Daniel,25,54.88,Female
Martinez,Emma,25,57.61,Male
García,Jane,64,60.33,Male
Johnson,Olivia,49,94.35,Female
Jones,Michael,19,58.51,Female
Martinez,Michael,51,51.26,Male
Smith,Daniel,32,61.24,Male
Smith,Sophia,22,78.47,Male
Williams,Olivia,56,117.03,Male
Martinez,Olivia,45,88.90,Female
Johnson,Sophia,54,97.07,Female
Smith,Jane,32,121.56,Male
Martinez,David,26,64.41,Male
Rodriguez,David,29,64.86,Female
Martinez,Sophia,63,112.49,Female
Williams,Emily,45,115.21,Male
Martinez,Daniel,24,53.07,Male
Miller,Sophia,64,76.66,Female
Brown,Jane,44,96.62,Male
Rodriguez,John,55,63.50,Male
Martinez,Olivia,28,60.33,Male
Rodriguez,Olivia,64,102.97,Male
Miller,John,43,106.14,Male
Jones,Olivia,18,90.26,Female
Rodriguez,Jane,67,50.80,Female
Rodriguez,Sophia,46,92.99,Male
Smith,Daniel,52,126.10,Male
Smith,Emily,67,102.06,Male
Williams,John,27,127.91,Male
Miller,Christopher,67,123.83,Male
Jones,Emily,32,103.87,Female
Smith,Sophia,44,99.79,Male
Rodriguez,Jane,38,111.58,Female
Williams,Sophia,54,62.14,Female
Davis,John,63,46.27,Male
Miller,Olivia,61,103.87,Female
Miller,Emma,22,47.63,Male
Williams,Emily,40,89.81,Male
Martinez,Emma,42,126.10,Male
Smith,Christopher,40,106.14,Male
Brown,Daniel,67,104.78,Male
Smith,Jane,24,103.42,Female
Miller,Emily,25,133.36,Male
Jones,Sophia,48,131.54,Male
García,Emily,19,80.74,Male
Johnson,Emma,66,88.45,Male
Williams,Olivia,42,101.60,Female
Smith,Sophia,29,133.81,Male
Brown,Christopher,69,73.94,Male
García,Olivia,69,127.01,Female
Jones,Olivia,23,123.38,Female
Jones,Michael,53,130.63,Female
Smith,David,36,120.20,Female
García,Olivia,46,70.31,Female
Martinez,Sophia,21,103.87,Male
Martinez,Emily,18,98.88,Female
Williams,Daniel,29,127.01,Male
Rodriguez,Olivia,45,89.81,Female
Martinez,Christopher,18,75.75,Male
Davis,Emily,67,82.55,Female
Johnson,Jane,21,98.88,Female
Williams,Michael,60,128.37,Female
Davis,Jane,68,88.45,Female
García,David,48,92.53,Male
Johnson,Daniel,34,104.78,Male
Johnson,John,21,107.96,Female
Johnson,Christopher,38,76.66,Male
Davis,Daniel,22,94.35,Female
Williams,John,27,93.44,Female
García,Christopher,27,129.73,Female
Smith,Daniel,38,131.09,Male
García,Olivia,68,107.05,Female
Davis,Jane,33,119.75,Male
Smith,Emma,30,119.29,Male
García,David,70,132.00,Male
García,Sophia,70,104.33,Female
Williams,Christopher,56,45.81,Female
Rodriguez,Christopher,58,94.35,Male
Rodriguez,Daniel,18,85.73,Female
Johnson,Christopher,63,93.89,Male
Smith,Michael,60,94.35,Male
Jones,Olivia,23,45.81,Male
García,Emma,36,95.71,Female
Johnson,Christopher,45,102.06,Female
Rodriguez,Olivia,64,68.95,Male
Johnson,Emma,39,85.73,Male
Davis,Michael,62,102.06,Female
Johnson,Daniel,41,70.31,Male
Jones,Sophia,43,108.41,Female
Davis,Emma,50,128.37,Male
Miller,Sophia,40,67.13,Female
Miller,Jane,31,50.35,Male
Jones,Sophia,54,119.75,Female
Davis,Jane,40,58.51,Male
Williams,Daniel,69,88.00,Male
Jones,Emma,46,97.98,Female
Davis,Olivia,65,77.56,Female
García,Emily,50,96.62,Male
Johnson,David,61,46.27,Female
Brown,Olivia,57,81.19,Female
García,Emily,46,68.04,Male
Miller,Emma,56,59.87,Female
García,John,20,127.46,Female
Jones,Michael,63,128.82,Male
Smith,Olivia,42,74.84,Male
Williams,Jane,55,75.75,Female
Jones,Sophia,28,114.31,Female
Jones,Olivia,32,117.03,Female
Williams,David,60,73.48,Male
Martinez,Christopher,63,125.19,Male
García,Emma,63,110.22,Male
Brown,Jane,23,115.67,Male
Davis,Jane,19,93.44,Female
Smith,John,48,95.25,Male
Rodriguez,David,61,60.78,Male
Martinez,Emily,46,73.48,Female
García,John,22,89.81,Female
Davis,John,68,46.27,Male
Jones,David,56,46.72,Male
Johnson,Emma,45,51.26,Male
Brown,Emily,36,95.71,Female
Rodriguez,Jane,55,109.32,Female
Johnson,Christopher,55,88.45,Female
García,Daniel,49,81.65,Female
Davis,Daniel,23,69.40,Female
Williams,Olivia,53,112.49,Male
García,Jane,37,99.79,Female
Rodriguez,Jane,35,62.60,Female
Jones,Emily,69,57.61,Female
Brown,David,36,78.93,Female
García,David,65,63.50,Female
Rodriguez,Michael,29,120.20,Male
Miller,Emily,27,126.55,Female
Brown,Jane,36,110.22,Female
Williams,Jane,49,127.01,Female
Miller,Michael,52,127.91,Male
Williams,Olivia,64,122.02,Male
Davis,Emma,70,88.00,Male
Martinez,Emily,42,117.03,Female
Brown,David,70,131.54,Male
Jones,David,53,124.28,Female
Rodriguez,Jane,34,48.53,Male
Rodriguez,Daniel,69,110.22,Male
Rodriguez,Sophia,21,51.71,Female
Williams,Emma,47,127.91,Male
Smith,Emma,25,107.50,Male
Martinez,Daniel,31,98.88,Female
García,Daniel,46,106.14,Male
Jones,Emma,38,99.34,Female
Davis,John,41,90.72,Male
Davis,Emily,45,125.65,Female
Brown,Michael,46,117.03,Male
Miller,Michael,69,81.19,Male
Smith,David,37,100.24,Female
Brown,John,25,53.07,Female
Martinez,Christopher,30,45.81,Male
Johnson,Emily,19,88.00,Female
Williams,Sophia,46,86.64,Female
Martinez,Daniel,60,86.18,Female
Martinez,Jane,40,45.36,Female
Jones,Olivia,70,78.93,Female
Brown,David,62,99.79,Female
Davis,Christopher,29,97.52,Male
Martinez,Olivia,42,90.26,Male
Johnson,David,44,87.54,Female
Johnson,Christopher,56,111.58,Female
Johnson,Daniel,51,53.98,Male
Davis,Michael,69,55.34,Male
Rodriguez,Jane,52,70.76,Male
Miller,Sophia,38,56.70,Male
García,Emily,41,116.12,Male
García,Emily,21,107.96,Female
Martinez,Emma,56,107.05,Female
Brown,John,30,63.96,Female
Rodriguez,Jane,21,48.53,Male
Williams,John,57,86.64,Female
Williams,Emily,28,134.72,Female
Williams,Emma,70,45.36,Female
Johnson,Christopher,52,54.88,Male
Miller,Jane,26,94.80,Male
García,John,46,91.63,Female
Williams,Jane,43,57.15,Male
Martinez,Michael,66,124.74,Female
Smith,Emily,37,75.75,Female
Martinez,Emma,30,69.85,Female
Miller,Jane,54,108.41,Male
Brown,John,39,133.81,Male
Smith,Jane,26,124.74,Female
Williams,Christopher,22,68.95,Male
Brown,Olivia,49,84.82,Male
Brown,Olivia,51,81.65,Female
Smith,Daniel,46,93.89,Female
Miller,John,56,113.40,Male
Johnson,Christopher,41,75.30,Female
Davis,Olivia,18,56.70,Female
Johnson,Emma,46,103.42,Male
Williams,David,54,117.48,Female
García,John,30,134.26,Male
Miller,Christopher,57,83.46,Female
Davis,David,49,126.55,Male
Brown,Emily,25,109.77,Female
Miller,Olivia,41,73.94,Female
Brown,David,36,112.49,Female
Williams,Emma,70,125.65,Male
García,Emily,59,132.90,Male
Miller,Michael,25,134.26,Female
Rodriguez,Emily,63,132.90,Male
Johnson,Daniel,31,104.33,Female
Johnson,Emily,21,57.61,Male
Williams,Michael,33,84.82,Male
Jones,Daniel,52,82.10,Male
Williams,Olivia,39,61.24,Female
Johnson,Daniel,70,50.35,Male
Miller,Christopher,22,111.58,Female
García,Emma,19,80.29,Female
Johnson,David,61,131.54,Female
Smith,Jane,29,89.81,Female
Miller,Michael,29,52.16,Male
Martinez,Jane,20,73.48,Male
Davis,Michael,36,69.85,Male
Brown,Jane,29,89.36,Male
Miller,Sophia,32,49.44,Female
Davis,Michael,64,78.47,Male
Smith,Sophia,39,135.62,Female
Williams,Olivia,41,46.27,Male
Brown,Emily,66,62.60,Male
Miller,Emma,50,117.03,Male
Rodriguez,Michael,25,72.12,Female
Brown,John,44,64.86,Male
García,David,47,53.07,Male
Miller,Emily,23,70.76,Female
Martinez,Jane,22,105.69,Female
Davis,Emily,36,80.74,Male
Smith,Christopher,50,114.76,Male
Williams,Michael,66,124.28,Male
Jones,John,47,80.29,Female
Williams,John,63,101.15,Male
Davis,John,55,86.18,Female
Williams,Emily,50,115.67,Female
Johnson,Jane,62,128.37,Male
Martinez,Olivia,67,58.97,Male
Johnson,Daniel,47,120.66,Female
Davis,Michael,48,92.08,Female
Jones,Jane,49,74.84,Male
García,Emily,39,110.68,Female
García,David,65,111.13,Female
Rodriguez,Emma,56,95.25,Female
Williams,Daniel,58,65.77,Male
Smith,Jane,43,63.50,Male
Brown,John,19,116.57,Female
Johnson,Olivia,61,132.45,Female
Johnson,Jane,29,119.75,Female
Brown,Emily,58,88.90,Male
García,John,54,72.57,Male
Brown,Jane,70,110.22,Female
Smith,Sophia,68,112.04,Male
Martinez,Christopher,65,99.79,Male
Rodriguez,Emma,33,85.73,Male
Rodriguez,David,29,68.04,Male
Martinez,David,63,93.89,Male
Smith,Daniel,41,131.54,Male
Martinez,Emily,32,67.59,Male
Johnson,John,69,132.45,Female
Miller,Jane,47,46.72,Female
Brown,David,47,79.83,Female
Brown,Sophia,20,77.56,Female
Williams,Emily,51,90.26,Male
Brown,Michael,30,60.78,Female
Jones,Emma,53,62.14,Male
Brown,Christopher,25,84.82,Male
Rodriguez,Emily,30,50.80,Female
Miller,John,25,86.18,Female
Rodriguez,Daniel,65,79.83,Male
Rodriguez,Emma,56,78.47,Male
Rodriguez,Olivia,59,77.11,Female
Williams,Olivia,49,51.26,Female
Miller,David,48,126.55,Male
Davis,Christopher,50,123.38,Male
Brown,Michael,62,130.18,Male
Rodriguez,Michael,42,87.09,Male
Smith,Christopher,57,92.53,Male
Miller,Sophia,58,74.39,Female
Miller,Jane,62,70.76,Female
Brown,Michael,25,133.81,Female
Miller,Christopher,67,92.53,Male
Brown,Michael,25,96.62,Female
Smith,Emily,24,64.86,Female
